impact,rank_in_disease,disease,drug,drug_inn,score,status_to_determine,biomarker_restriction,line_of_therapy,approval_year,source_url,curator_note
1.0,1,AML,Fedratinib,Fedratinib,0.9251,,,,,,
1.0,1,Breast_Cancer,Dacomitinib Anhydrous,Dacomitinib,0.9644,,,,,,
1.0,1,Colorectal_Cancer,Adagrasib,Adagrasib,0.9137,,,,,,
1.0,1,Ewing_Sarcoma,Imatinib,Imatinib,0.7454,,,,,,
1.0,1,Glioblastoma,Osimertinib,Osimertinib,0.9116,,,,,,
1.0,1,HCC,Cabozantinib S-Malate,Cabozantinib,0.891,,,,,,
1.0,1,Li_Fraumeni_Syndrome,Cisplatin,Cisplatin,0.8502,,,,,,
1.0,1,Pancreatic_Cancer,Adagrasib,Adagrasib,0.939,,,,,,
1.0,1,Prostate_Cancer,Selpercatinib,Selpercatinib,0.7209,,,,,,
1.0,1,Soft_Tissue_Sarcoma,Palbociclib,Palbociclib,0.8485,,,,,,
0.5,2,AML,Sunitinib,Sunitinib,0.9096,,,,,,
0.5,2,CLL,Ipilimumab,Ipilimumab,0.7418,,,,,,
0.5,2,CML,Sunitinib,Sunitinib,0.8947,,,,,,
0.5,2,Colorectal_Cancer,Sotorasib,Sotorasib,0.9128,,,,,,
0.5,2,Ewing_Sarcoma,Dasatinib Anhydrous,Dasatinib,0.7371,,,,,,
0.5,2,Glioblastoma,Erlotinib,Erlotinib,0.9049,,,,,,
0.5,2,HCC,Selpercatinib,Selpercatinib,0.8608,,,,,,
0.5,2,Li_Fraumeni_Syndrome,Oxaliplatin,Oxaliplatin,0.841,,,,,,
0.5,2,Multiple_Myeloma,Ipilimumab,Ipilimumab,0.7146,,,,,,
0.5,2,Myelofibrosis,Filgotinib,Filgotinib,0.9232,,,,,,
0.5,2,Ovarian_Cancer,Doxycycline Hyclate,Doxycycline,0.8151,,,,,,
0.5,2,Pancreatic_Cancer,Sotorasib,Sotorasib,0.9382,,,,,,
0.5,2,Prostate_Cancer,Pralsetinib,Pralsetinib,0.7209,,,,,,
0.5,2,Soft_Tissue_Sarcoma,Abemaciclib,Abemaciclib,0.8459,,,,,,
0.5,2,Type2_Diabetes,Palbociclib,Palbociclib,0.7135,,,,,,
0.3333,3,AML,Gilteritinib,Gilteritinib,0.8971,,,,,,
0.3333,3,Breast_Cancer,Afatinib,Afatinib,0.9585,,,,,,
0.3333,3,CLL,Doxycycline Hyclate,Doxycycline,0.7371,,,,,,
0.3333,3,CML,Dasatinib Anhydrous,Dasatinib,0.8918,,,,,,
0.3333,3,Colorectal_Cancer,Osimertinib,Osimertinib,0.877,,,,,,
0.3333,3,Ewing_Sarcoma,Bosutinib,Bosutinib,0.7371,,,,,,
0.3333,3,Glioblastoma,Lazertinib,Lazertinib,0.8951,,,,,,
0.3333,3,HCC,Pralsetinib,Pralsetinib,0.8608,,,,,,
0.3333,3,Li_Fraumeni_Syndrome,Carboplatin,Carboplatin,0.8318,,,,,,
0.3333,3,Multiple_Myeloma,Palbociclib,Palbociclib,0.7135,,,,,,
0.3333,3,Myelofibrosis,Fedratinib,Fedratinib,0.9232,,,,,,
0.3333,3,Ovarian_Cancer,Cisplatin,Cisplatin,0.8048,,,,,,
0.3333,3,Pancreatic_Cancer,Osimertinib,Osimertinib,0.7731,,,,,,
0.3333,3,Prostate_Cancer,Bevacizumab,Bevacizumab,0.7199,,,,,,
0.3333,3,RCC,Avapritinib,Avapritinib,0.8918,,,,,,
0.3333,3,Soft_Tissue_Sarcoma,Sunitinib,Sunitinib,0.8444,,,,,,
0.3333,3,Type2_Diabetes,Ribociclib,Ribociclib,0.7084,,,,,,
0.25,4,AML,Trametinib,Trametinib,0.8651,,,,,,
0.25,4,CLL,Bevacizumab,Bevacizumab,0.7199,,,,,,
0.25,4,CML,Avapritinib,Avapritinib,0.8918,,,,,,
0.25,4,Colorectal_Cancer,Doxycycline,Doxycycline,0.8765,,,,,,
0.25,4,Ewing_Sarcoma,Asciminib,Asciminib,0.7371,,,,,,
0.25,4,GIST,Dasatinib Anhydrous,Dasatinib,0.959,,,,,,
0.25,4,Glioblastoma,Dacomitinib Anhydrous,Dacomitinib,0.8951,,,,,,
0.25,4,HCC,Crizotinib,Crizotinib,0.8605,,,,,,
0.25,4,Li_Fraumeni_Syndrome,Palbociclib,Palbociclib,0.7135,,,,,,
0.25,4,Multiple_Myeloma,Ribociclib,Ribociclib,0.7084,,,,,,
0.25,4,Myelofibrosis,Deuruxolitinib,Deuruxolitinib,0.9232,,,,,,
0.25,4,NSCLC,Lapatinib,Lapatinib,0.962,,,,,,
0.25,4,Ovarian_Cancer,Oxaliplatin,Oxaliplatin,0.7994,,,,,,
0.25,4,Prostate_Cancer,Larotrectinib,Larotrectinib,0.7155,,,,,,
0.25,4,RCC,Imatinib,Imatinib,0.8595,,,,,,
0.25,4,Soft_Tissue_Sarcoma,Ribociclib,Ribociclib,0.842,,,,,,
0.25,4,Type2_Diabetes,Abemaciclib,Abemaciclib,0.7068,,,,,,
0.2,5,AML,Sotorasib,Sotorasib,0.8642,,,,,,
0.2,5,Breast_Cancer,Trastuzumab_deruxtecan,Trastuzumab_deruxtecan,0.9042,,,,,,
0.2,5,CLL,Palbociclib,Palbociclib,0.7135,,,,,,
0.2,5,CML,Bosutinib,Bosutinib,0.8431,,,,,,
0.2,5,Colorectal_Cancer,Dacomitinib Anhydrous,Dacomitinib,0.8738,,,,,,
0.2,5,Ewing_Sarcoma,Dacomitinib Anhydrous,Dacomitinib,0.7184,,,,,,
0.2,5,GIST,Selpercatinib,Selpercatinib,0.8608,,,,,,
0.2,5,Glioblastoma,Afatinib,Afatinib,0.8899,,,,,,
0.2,5,Li_Fraumeni_Syndrome,Ribociclib,Ribociclib,0.7084,,,,,,
0.2,5,Multiple_Myeloma,Abemaciclib,Abemaciclib,0.7068,,,,,,
0.2,5,Myelofibrosis,Baricitinib,Baricitinib,0.9232,,,,,,
0.2,5,Ovarian_Cancer,Carboplatin,Carboplatin,0.7907,,,,,,
0.2,5,Pancreatic_Cancer,Larotrectinib,Larotrectinib,0.7586,,,,,,
0.2,5,Prostate_Cancer,Palbociclib,Palbociclib,0.7135,,,,,,
0.2,5,Soft_Tissue_Sarcoma,Avapritinib,Avapritinib,0.8193,,,,,,
0.2,5,Type2_Diabetes,Trametinib,Trametinib,0.692,,,,,,
0.1667,6,AML,Inavolisib,Inavolisib,0.8542,,,,,,
0.1667,6,CLL,Ribociclib,Ribociclib,0.7084,,,,,,
0.1667,6,CML,Asciminib,Asciminib,0.8431,,,,,,
0.1667,6,Colorectal_Cancer,Erlotinib,Erlotinib,0.8706,,,,,,
0.1667,6,Ewing_Sarcoma,Afatinib,Afatinib,0.7184,,,,,,
0.1667,6,GIST,Pralsetinib,Pralsetinib,0.8608,,,,,,
0.1667,6,Glioblastoma,Gefitinib,Gefitinib,0.8897,,,,,,
0.1667,6,Li_Fraumeni_Syndrome,Abemaciclib,Abemaciclib,0.7068,,,,,,
0.1667,6,Multiple_Myeloma,Ibalizumab,Ibalizumab,0.7018,,,,,,
0.1667,6,Myelofibrosis,Palbociclib,Palbociclib,0.7135,,,,,,
0.1667,6,Ovarian_Cancer,Crizotinib,Crizotinib,0.7244,,,,,,
0.1667,6,Pancreatic_Cancer,Gefitinib,Gefitinib,0.754,,,,,,
0.1667,6,Prostate_Cancer,Ribociclib,Ribociclib,0.7084,,,,,,
0.1667,6,RCC,Encorafenib,Encorafenib,0.8528,,,,,,
0.1667,6,Soft_Tissue_Sarcoma,Imatinib,Imatinib,0.7913,,,,,,
0.1667,6,Type2_Diabetes,Ipilimumab,Ipilimumab,0.6889,,,,,,
0.1429,7,AML,Copanlisib,Copanlisib,0.8542,,,,,,
0.1429,7,Breast_Cancer,Inavolisib,Inavolisib,0.9008,,,,,,
0.1429,7,CLL,Abemaciclib,Abemaciclib,0.7068,,,,,,
0.1429,7,CML,Bevacizumab,Bevacizumab,0.7199,,,,,,
0.1429,7,Colorectal_Cancer,Afatinib,Afatinib,0.8665,,,,,,
0.1429,7,Ewing_Sarcoma,Palbociclib,Palbociclib,0.7135,,,,,,
0.1429,7,GIST,Gilteritinib,Gilteritinib,0.8431,,,,,,
0.1429,7,Glioblastoma,Amivantamab,Amivantamab,0.8784,,,,,,
0.1429,7,HCC,Tepotinib,Tepotinib,0.8402,,,,,,
0.1429,7,Li_Fraumeni_Syndrome,Mebendazole,Mebendazole,0.6967,,,,,,
0.1429,7,Multiple_Myeloma,Trametinib,Trametinib,0.692,,,,,,
0.1429,7,Myelofibrosis,Ribociclib,Ribociclib,0.7084,,,,,,
0.1429,7,Ovarian_Cancer,Lorlatinib,Lorlatinib,0.7209,,,,,,
0.1429,7,Pancreatic_Cancer,Lazertinib,Lazertinib,0.7538,,,,,,
0.1429,7,Prostate_Cancer,Abemaciclib,Abemaciclib,0.7068,,,,,,
0.1429,7,Soft_Tissue_Sarcoma,Dasatinib Anhydrous,Dasatinib,0.7724,,,,,,
0.1429,7,Type2_Diabetes,Everolimus,Everolimus,0.6709,,,,,,
0.125,8,AML,Alpelisib,Alpelisib,0.8542,,,,,,
0.125,8,Breast_Cancer,Copanlisib,Copanlisib,0.9008,,,,,,
0.125,8,CLL,Floxuridine,Floxuridine,0.7018,,,,,,
0.125,8,CML,Palbociclib,Palbociclib,0.7135,,,,,,
0.125,8,Colorectal_Cancer,Selpercatinib,Selpercatinib,0.8608,,,,,,
0.125,8,Ewing_Sarcoma,Ribociclib,Ribociclib,0.7084,,,,,,
0.125,8,GIST,Fedratinib,Fedratinib,0.8431,,,,,,
0.125,8,Glioblastoma,Lapatinib,Lapatinib,0.8683,,,,,,
0.125,8,HCC,Capmatinib,Capmatinib,0.8402,,,,,,
0.125,8,Li_Fraumeni_Syndrome,Trametinib,Trametinib,0.692,,,,,,
0.125,8,Multiple_Myeloma,Everolimus,Everolimus,0.6709,,,,,,
0.125,8,Myelofibrosis,Abemaciclib,Abemaciclib,0.7068,,,,,,
0.125,8,Ovarian_Cancer,Pembrolizumab,Pembrolizumab,0.7201,,,,,,
0.125,8,Pancreatic_Cancer,Dacomitinib Anhydrous,Dacomitinib,0.7538,,,,,,
0.125,8,Prostate_Cancer,Entrectinib,Entrectinib,0.7048,,,,,,
0.125,8,RCC,Vemurafenib,Vemurafenib,0.8464,,,,,,
0.125,8,Soft_Tissue_Sarcoma,Cisplatin,Cisplatin,0.7661,,,,,,
0.125,8,Type2_Diabetes,Disulfiram,Disulfiram,0.6687,,,,,,
0.1111,9,AML,Adagrasib,Adagrasib,0.8528,,,,,,
0.1111,9,Breast_Cancer,Alpelisib,Alpelisib,0.9008,,,,,,
0.1111,9,CLL,Faricimab,Faricimab,0.7018,,,,,,
0.1111,9,CML,Ribociclib,Ribociclib,0.7084,,,,,,
0.1111,9,Colorectal_Cancer,Pralsetinib,Pralsetinib,0.8608,,,,,,
0.1111,9,Ewing_Sarcoma,Abemaciclib,Abemaciclib,0.7068,,,,,,
0.1111,9,GIST,Bosutinib,Bosutinib,0.8431,,,,,,
0.1111,9,Glioblastoma,Cetuximab,Cetuximab,0.8373,,,,,,
0.1111,9,HCC,Sunitinib,Sunitinib,0.8358,,,,,,
0.1111,9,Li_Fraumeni_Syndrome,Everolimus,Everolimus,0.6709,,,,,,
0.1111,9,Melanoma,Dostarlimab,Dostarlimab,0.8784,,,,,,
0.1111,9,Multiple_Myeloma,Sorafenib,Sorafenib,0.666,,,,,,
0.1111,9,Myelofibrosis,Trametinib,Trametinib,0.692,,,,,,
0.1111,9,Ovarian_Cancer,Dacomitinib Anhydrous,Dacomitinib,0.7184,,,,,,
0.1111,9,Pancreatic_Cancer,Afatinib,Afatinib,0.7528,,,,,,
0.1111,9,Prostate_Cancer,Fluvastatin,Fluvastatin,0.7018,,,,,,
0.1111,9,RCC,Dabrafenib,Dabrafenib,0.8461,,,,,,
0.1111,9,Soft_Tissue_Sarcoma,Oxaliplatin,Oxaliplatin,0.7579,,,,,,
0.1111,9,Type2_Diabetes,Sorafenib,Sorafenib,0.666,,,,,,
0.1,10,AML,Cobimetinib,Cobimetinib,0.8528,,,,,,
0.1,10,CLL,Capecitabine,Capecitabine,0.7018,,,,,,
0.1,10,CML,Abemaciclib,Abemaciclib,0.7068,,,,,,
0.1,10,Colorectal_Cancer,Lazertinib,Lazertinib,0.8598,,,,,,
0.1,10,Ewing_Sarcoma,Trametinib,Trametinib,0.692,,,,,,
0.1,10,GIST,Asciminib,Asciminib,0.8431,,,,,,
0.1,10,Glioblastoma,Entrectinib,Entrectinib,0.8302,,,,,,
0.1,10,HCC,Beperminogene Perplasmid,Beperminogene Perplasmid,0.829,,,,,,
0.1,10,Li_Fraumeni_Syndrome,Sorafenib,Sorafenib,0.666,,,,,,
0.1,10,Melanoma,Cemiplimab,Cemiplimab,0.8784,,,,,,
0.1,10,Multiple_Myeloma,Temsirolimus,Temsirolimus,0.6659,,,,,,
0.1,10,Myelofibrosis,Everolimus,Everolimus,0.6709,,,,,,
0.1,10,Ovarian_Cancer,Afatinib,Afatinib,0.7184,,,,,,
0.1,10,Pancreatic_Cancer,Olaparib,Olaparib,0.7476,,,,,,
0.1,10,Prostate_Cancer,Floxuridine,Floxuridine,0.7018,,,,,,
0.1,10,RCC,Gilteritinib,Gilteritinib,0.8431,,,,,,
0.1,10,Soft_Tissue_Sarcoma,Carboplatin,Carboplatin,0.7497,,,,,,
0.1,10,Type2_Diabetes,Temsirolimus,Temsirolimus,0.6659,,,,,,
0.0909,11,AML,Binimetinib,Binimetinib,0.8522,,,,,,
0.0909,11,Breast_Cancer,Idarubicin,Idarubicin,0.8971,,,,,,
0.0909,11,CLL,Brolucizumab,Brolucizumab,0.7018,,,,,,
0.0909,11,CML,Ibalizumab,Ibalizumab,0.7018,,,,,,
0.0909,11,Colorectal_Cancer,Lapatinib,Lapatinib,0.8588,,,,,,
0.0909,11,Ewing_Sarcoma,Everolimus,Everolimus,0.6709,,,,,,
0.0909,11,Glioblastoma,Avapritinib,Avapritinib,0.829,,,,,,
0.0909,11,HCC,Amivantamab,Amivantamab,0.829,,,,,,
0.0909,11,Li_Fraumeni_Syndrome,Temsirolimus,Temsirolimus,0.6659,,,,,,
0.0909,11,Multiple_Myeloma,Bazedoxifene,Bazedoxifene,0.6569,,,,,,
0.0909,11,Myelofibrosis,Sorafenib,Sorafenib,0.666,,,,,,
0.0909,11,NSCLC,Lazertinib,Lazertinib,0.9324,,,,,,
0.0909,11,Ovarian_Cancer,Imatinib,Imatinib,0.7176,,,,,,
0.0909,11,Pancreatic_Cancer,Entrectinib,Entrectinib,0.7471,,,,,,
0.0909,11,Prostate_Cancer,Faricimab,Faricimab,0.7018,,,,,,
0.0909,11,RCC,Fedratinib,Fedratinib,0.8431,,,,,,
0.0909,11,Soft_Tissue_Sarcoma,Sorafenib,Sorafenib,0.7161,,,,,,
0.0909,11,Type2_Diabetes,Sunitinib,Sunitinib,0.6546,,,,,,
0.0833,12,AML,Ivosidenib,Ivosidenib,0.8431,,,,,,
0.0833,12,Breast_Cancer,Etoposide,Etoposide,0.8971,,,,,,
0.0833,12,CLL,Bevacizumab Gamma,Bevacizumab Gamma,0.7018,,,,,,
0.0833,12,CML,Faricimab,Faricimab,0.7018,,,,,,
0.0833,12,Colorectal_Cancer,Gefitinib,Gefitinib,0.8557,,,,,,
0.0833,12,Ewing_Sarcoma,Sorafenib,Sorafenib,0.666,,,,,,
0.0833,12,GIST,Cabozantinib S-Malate,Cabozantinib,0.8078,,,,,,
0.0833,12,Glioblastoma,Sunitinib,Sunitinib,0.8095,,,,,,
0.0833,12,HCC,Ramucirumab,Ramucirumab,0.8274,,,,,,
0.0833,12,Li_Fraumeni_Syndrome,Sunitinib,Sunitinib,0.6546,,,,,,
0.0833,12,Melanoma,Sorafenib,Sorafenib,0.8625,,,,,,
0.0833,12,Multiple_Myeloma,Sunitinib,Sunitinib,0.6546,,,,,,
0.0833,12,Myelofibrosis,Temsirolimus,Temsirolimus,0.6659,,,,,,
0.0833,12,NSCLC,Entrectinib,Entrectinib,0.9243,,,,,,
0.0833,12,Ovarian_Cancer,Brigatinib,Brigatinib,0.7155,,,,,,
0.0833,12,Pancreatic_Cancer,Doxycycline Hyclate,Doxycycline,0.7458,,,,,,
0.0833,12,Prostate_Cancer,Crizotinib,Crizotinib,0.7018,,,,,,
0.0833,12,RCC,Dostarlimab,Dostarlimab,0.8431,,,,,,
0.0833,12,Soft_Tissue_Sarcoma,Larotrectinib,Larotrectinib,0.7155,,,,,,
0.0833,12,Type2_Diabetes,Bevacizumab,Bevacizumab,0.5931,,,,,,
0.0769,13,AML,Idarubicin,Idarubicin,0.8431,,,,,,
0.0769,13,Breast_Cancer,Doxorubicin,Doxorubicin,0.8971,,,,,,
0.0769,13,CLL,Aflibercept,Aflibercept,0.7018,,,,,,
0.0769,13,CML,Etoricoxib,Etoricoxib,0.7018,,,,,,
0.0769,13,Ewing_Sarcoma,Temsirolimus,Temsirolimus,0.6659,,,,,,
0.0769,13,GIST,Ramucirumab,Ramucirumab,0.7927,,,,,,
0.0769,13,Glioblastoma,Brigatinib,Brigatinib,0.7862,,,,,,
0.0769,13,HCC,Alectinib,Alectinib,0.8208,,,,,,
0.0769,13,Li_Fraumeni_Syndrome,Bevacizumab,Bevacizumab,0.5931,,,,,,
0.0769,13,Melanoma,Ibalizumab,Ibalizumab,0.8431,,,,,,
0.0769,13,Multiple_Myeloma,Verapamil,Verapamil,0.6242,,,,,,
0.0769,13,Myelofibrosis,Sunitinib,Sunitinib,0.6546,,,,,,
0.0769,13,Ovarian_Cancer,Alectinib,Alectinib,0.7155,,,,,,
0.0769,13,Pancreatic_Cancer,Cosibelimab,Cosibelimab,0.7371,,,,,,
0.0769,13,Prostate_Cancer,Cerivastatin,Cerivastatin,0.7018,,,,,,
0.0769,13,RCC,Dasatinib Anhydrous,Dasatinib,0.8431,,,,,,
0.0769,13,Soft_Tissue_Sarcoma,Entrectinib,Entrectinib,0.7048,,,,,,
0.0769,13,Type2_Diabetes,Cisplatin,Cisplatin,0.5859,,,,,,
0.0714,14,AML,Etoposide,Etoposide,0.8431,,,,,,
0.0714,14,Breast_Cancer,Daunorubicin,Daunorubicin,0.8971,,,,,,
0.0714,14,CLL,Trametinib,Trametinib,0.692,,,,,,
0.0714,14,CML,Etodolac,Etodolac,0.7018,,,,,,
0.0714,14,Colorectal_Cancer,Cabozantinib S-Malate,Cabozantinib,0.8431,,,,,,
0.0714,14,Ewing_Sarcoma,Sunitinib,Sunitinib,0.6546,,,,,,
0.0714,14,GIST,Sorafenib,Sorafenib,0.7912,,,,,,
0.0714,14,Glioblastoma,Imatinib,Imatinib,0.7743,,,,,,
0.0714,14,HCC,Dacomitinib Anhydrous,Dacomitinib,0.8181,,,,,,
0.0714,14,Li_Fraumeni_Syndrome,Niclosamide,Niclosamide,0.5849,,,,,,
0.0714,14,Melanoma,Doxycycline,Doxycycline,0.7759,,,,,,
0.0714,14,Multiple_Myeloma,Valproic_Acid,Valproic_Acid,0.6048,,,,,,
0.0714,14,Myelofibrosis,Bevacizumab,Bevacizumab,0.5931,,,,,,
0.0714,14,NSCLC,Adagrasib,Adagrasib,0.9065,,,,,,
0.0714,14,Ovarian_Cancer,Palbociclib,Palbociclib,0.7135,,,,,,
0.0714,14,Pancreatic_Cancer,Avelumab,Avelumab,0.7371,,,,,,
0.0714,14,Prostate_Cancer,Capecitabine,Capecitabine,0.7018,,,,,,
0.0714,14,RCC,Cemiplimab,Cemiplimab,0.8431,,,,,,
0.0714,14,Soft_Tissue_Sarcoma,Trametinib,Trametinib,0.692,,,,,,
0.0714,14,Type2_Diabetes,Pirfenidone,Pirfenidone,0.5855,,,,,,
0.0667,15,AML,Enasidenib,Enasidenib,0.8431,,,,,,
0.0667,15,Breast_Cancer,Abemaciclib,Abemaciclib,0.891,,,,,,
0.0667,15,CLL,Celecoxib,Celecoxib,0.6814,,,,,,
0.0667,15,CML,Carprofen,Carprofen,0.7018,,,,,,
0.0667,15,Colorectal_Cancer,Amivantamab,Amivantamab,0.8431,,,,,,
0.0667,15,Ewing_Sarcoma,Cisplatin,Cisplatin,0.616,,,,,,
0.0667,15,GIST,Larotrectinib,Larotrectinib,0.7586,,,,,,
0.0667,15,Glioblastoma,Crizotinib,Crizotinib,0.7599,,,,,,
0.0667,15,HCC,Afatinib,Afatinib,0.808,,,,,,
0.0667,15,Li_Fraumeni_Syndrome,Disulfiram,Disulfiram,0.5737,,,,,,
0.0667,15,Melanoma,Atorvastatin,Atorvastatin,0.7421,,,,,,
0.0667,15,Multiple_Myeloma,Pembrolizumab,Pembrolizumab,0.6048,,,,,,
0.0667,15,Myelofibrosis,Cisplatin,Cisplatin,0.5859,,,,,,
0.0667,15,NSCLC,Ensartinib,Ensartinib,0.9046,,,,,,
0.0667,15,Ovarian_Cancer,Irinotecan,Irinotecan,0.7098,,,,,,
0.0667,15,Pancreatic_Cancer,Amivantamab,Amivantamab,0.7371,,,,,,
0.0667,15,Prostate_Cancer,Brolucizumab,Brolucizumab,0.7018,,,,,,
0.0667,15,RCC,Pembrolizumab,Pembrolizumab,0.8352,,,,,,
0.0667,15,Soft_Tissue_Sarcoma,Everolimus,Everolimus,0.6709,,,,,,
0.0667,15,Type2_Diabetes,Niclosamide,Niclosamide,0.5849,,,,,,
0.0625,16,AML,Doxorubicin,Doxorubicin,0.8431,,,,,,
0.0625,16,CLL,Everolimus,Everolimus,0.6709,,,,,,
0.0625,16,CML,Brolucizumab,Brolucizumab,0.7018,,,,,,
0.0625,16,Ewing_Sarcoma,Oxaliplatin,Oxaliplatin,0.6095,,,,,,
0.0625,16,GIST,Bevacizumab,Bevacizumab,0.7486,,,,,,
0.0625,16,Glioblastoma,Lorlatinib,Lorlatinib,0.7591,,,,,,
0.0625,16,HCC,Trastuzumab_deruxtecan,Trastuzumab_deruxtecan,0.7931,,,,,,
0.0625,16,Li_Fraumeni_Syndrome,Metformin,Metformin,0.5475,,,,,,
0.0625,16,Melanoma,Fluvastatin,Fluvastatin,0.7371,,,,,,
0.0625,16,Multiple_Myeloma,Bevacizumab,Bevacizumab,0.5931,,,,,,
0.0625,16,Myelofibrosis,Niclosamide,Niclosamide,0.5849,,,,,,
0.0625,16,NSCLC,Ceritinib,Ceritinib,0.9046,,,,,,
0.0625,16,Ovarian_Cancer,Ribociclib,Ribociclib,0.7084,,,,,,
0.0625,16,Pancreatic_Cancer,Lapatinib,Lapatinib,0.7354,,,,,,
0.0625,16,Prostate_Cancer,Bevacizumab Gamma,Bevacizumab Gamma,0.7018,,,,,,
0.0625,16,Soft_Tissue_Sarcoma,Temsirolimus,Temsirolimus,0.6659,,,,,,
0.0625,16,Type2_Diabetes,Oxaliplatin,Oxaliplatin,0.5798,,,,,,
0.0588,17,AML,Decitabine,Decitabine,0.8431,,,,,,
0.0588,17,Breast_Cancer,Doxycycline,Doxycycline,0.8855,,,,,,
0.0588,17,CLL,Pemetrexed,Pemetrexed,0.6695,,,,,,
0.0588,17,CML,Bevacizumab Gamma,Bevacizumab Gamma,0.7018,,,,,,
0.0588,17,Colorectal_Cancer,Encorafenib,Encorafenib,0.8185,,,,,,
0.0588,17,Ewing_Sarcoma,Carboplatin,Carboplatin,0.603,,,,,,
0.0588,17,GIST,Alectinib,Alectinib,0.725,,,,,,
0.0588,17,Glioblastoma,Larotrectinib,Larotrectinib,0.7586,,,,,,
0.0588,17,HCC,Celecoxib,Celecoxib,0.7843,,,,,,
0.0588,17,Li_Fraumeni_Syndrome,Nelfinavir,Nelfinavir,0.5255,,,,,,
0.0588,17,Melanoma,Cerivastatin,Cerivastatin,0.7371,,,,,,
0.0588,17,Multiple_Myeloma,Cisplatin,Cisplatin,0.5859,,,,,,
0.0588,17,Myelofibrosis,Oxaliplatin,Oxaliplatin,0.5798,,,,,,
0.0588,17,Ovarian_Cancer,Abemaciclib,Abemaciclib,0.7068,,,,,,
0.0588,17,Pancreatic_Cancer,Imatinib,Imatinib,0.7243,,,,,,
0.0588,17,Prostate_Cancer,Aflibercept,Aflibercept,0.7018,,,,,,
0.0588,17,RCC,Bevacizumab,Bevacizumab,0.7984,,,,,,
0.0588,17,Soft_Tissue_Sarcoma,Mebendazole,Mebendazole,0.6644,,,,,,
0.0588,17,Type2_Diabetes,Carboplatin,Carboplatin,0.5737,,,,,,
0.0556,18,AML,Daunorubicin,Daunorubicin,0.8431,,,,,,
0.0556,18,Breast_Cancer,Osimertinib,Osimertinib,0.877,,,,,,
0.0556,18,CLL,Sorafenib,Sorafenib,0.666,,,,,,
0.0556,18,CML,Aflibercept,Aflibercept,0.7018,,,,,,
0.0556,18,Colorectal_Cancer,Vemurafenib,Vemurafenib,0.8121,,,,,,
0.0556,18,Ewing_Sarcoma,Bevacizumab,Bevacizumab,0.5931,,,,,,
0.0556,18,GIST,Entrectinib,Entrectinib,0.7182,,,,,,
0.0556,18,Glioblastoma,Everolimus,Everolimus,0.7497,,,,,,
0.0556,18,HCC,Lapatinib,Lapatinib,0.7756,,,,,,
0.0556,18,Li_Fraumeni_Syndrome,Ivermectin,Ivermectin,0.5253,,,,,,
0.0556,18,Melanoma,Selpercatinib,Selpercatinib,0.7209,,,,,,
0.0556,18,Multiple_Myeloma,Niclosamide,Niclosamide,0.5849,,,,,,
0.0556,18,Myelofibrosis,Carboplatin,Carboplatin,0.5737,,,,,,
0.0556,18,Ovarian_Cancer,Trastuzumab_deruxtecan,Trastuzumab_deruxtecan,0.703,,,,,,
0.0556,18,Pancreatic_Cancer,Durvalumab,Durvalumab,0.7235,,,,,,
0.0556,18,Prostate_Cancer,Trametinib,Trametinib,0.692,,,,,,
0.0556,18,RCC,Doxycycline,Doxycycline,0.7964,,,,,,
0.0556,18,Soft_Tissue_Sarcoma,Bevacizumab,Bevacizumab,0.6553,,,,,,
0.0556,18,Type2_Diabetes,Mebendazole,Mebendazole,0.5687,,,,,,
0.0526,19,AML,Azacitidine,Azacitidine,0.8431,,,,,,
0.0526,19,Breast_Cancer,Erlotinib,Erlotinib,0.8706,,,,,,
0.0526,19,CLL,Temsirolimus,Temsirolimus,0.6659,,,,,,
0.0526,19,CML,Thalidomide,Thalidomide,0.6988,,,,,,
0.0526,19,Colorectal_Cancer,Dabrafenib,Dabrafenib,0.8121,,,,,,
0.0526,19,Ewing_Sarcoma,Niclosamide,Niclosamide,0.5849,,,,,,
0.0526,19,GIST,Palbociclib,Palbociclib,0.7135,,,,,,
0.0526,19,Glioblastoma,Bevacizumab,Bevacizumab,0.7199,,,,,,
0.0526,19,HCC,Doxycycline,Doxycycline,0.769,,,,,,
0.0526,19,Li_Fraumeni_Syndrome,Chloroquine,Chloroquine,0.5209,,,,,,
0.0526,19,Melanoma,Pralsetinib,Pralsetinib,0.7209,,,,,,
0.0526,19,Multiple_Myeloma,Oxaliplatin,Oxaliplatin,0.5798,,,,,,
0.0526,19,Myelofibrosis,Mebendazole,Mebendazole,0.5687,,,,,,
0.0526,19,NSCLC,Cetuximab,Cetuximab,0.8869,,,,,,
0.0526,19,Ovarian_Cancer,Idarubicin,Idarubicin,0.7018,,,,,,
0.0526,19,Pancreatic_Cancer,Atezolizumab,Atezolizumab,0.7235,,,,,,
0.0526,19,Prostate_Cancer,Atorvastatin,Atorvastatin,0.6793,,,,,,
0.0526,19,RCC,Crizotinib,Crizotinib,0.78,,,,,,
0.0526,19,Soft_Tissue_Sarcoma,Ipilimumab,Ipilimumab,0.6048,,,,,,
0.0526,19,Type2_Diabetes,Doxycycline,Doxycycline,0.5333,,,,,,
0.05,20,AML,Everolimus,Everolimus,0.8405,,,,,,
0.05,20,Breast_Cancer,Lazertinib,Lazertinib,0.8598,,,,,,
0.05,20,CLL,Aspirin,Aspirin,0.6577,,,,,,
0.05,20,CML,Celecoxib,Celecoxib,0.6948,,,,,,
0.05,20,Colorectal_Cancer,Alectinib,Alectinib,0.8099,,,,,,
0.05,20,Ewing_Sarcoma,Mebendazole,Mebendazole,0.5759,,,,,,
0.05,20,GIST,Ribociclib,Ribociclib,0.7084,,,,,,
0.05,20,Glioblastoma,Doxycycline,Doxycycline,0.719,,,,,,
0.05,20,HCC,Bevacizumab,Bevacizumab,0.761,,,,,,
0.05,20,Li_Fraumeni_Syndrome,Itraconazole,Itraconazole,0.5097,,,,,,
0.05,20,Melanoma,Mebendazole,Mebendazole,0.7149,,,,,,
0.05,20,Multiple_Myeloma,Carboplatin,Carboplatin,0.5737,,,,,,
0.05,20,Myelofibrosis,Metformin,Metformin,0.5475,,,,,,
0.05,20,NSCLC,Sotorasib,Sotorasib,0.8859,,,,,,
0.05,20,Ovarian_Cancer,Ibalizumab,Ibalizumab,0.7018,,,,,,
0.05,20,Pancreatic_Cancer,Palbociclib,Palbociclib,0.7135,,,,,,
0.05,20,Prostate_Cancer,Everolimus,Everolimus,0.6709,,,,,,
0.05,20,RCC,Mebendazole,Mebendazole,0.7624,,,,,,
0.05,20,Soft_Tissue_Sarcoma,Niclosamide,Niclosamide,0.5849,,,,,,
0.05,20,Type2_Diabetes,Nelfinavir,Nelfinavir,0.5255,,,,,,
